{
  "target": [
    -39.61201477050781,
    -32.36448669433594,
    21.580217361450195
  ],
  "distance": 198.39903259277344,
  "azimuth": 47.43999999999996,
  "elevation": 0.4533430342749532,
  "fov": 45.0
}