{
  "target": [
    -35.60301208496094,
    -31.670448303222656,
    5.813779354095459
  ],
  "distance": 153.38963317871094,
  "azimuth": 3.2053981633974487,
  "elevation": 0.5835987755982985,
  "fov": 45.0
}