{
  "target": [
    -17.22394561767578,
    -14.051488876342773,
    -9.991767883300781
  ],
  "distance": 70.24917602539062,
  "azimuth": 0.7853981633974483,
  "elevation": 0.5235987755982988,
  "fov": 45.0
}