{
  "target": [
    -37.908355712890625,
    -24.744558334350586,
    14.481035232543945
  ],
  "distance": 226.1377410888672,
  "azimuth": 3.4253981633974417,
  "elevation": 0.3885987755982987,
  "fov": 45.0
}