{
  "target": [
    -33.60776138305664,
    -23.88982391357422,
    18.160932540893555
  ],
  "distance": 195.1408953511274,
  "azimuth": 3.4253981633974417,
  "elevation": 0.5485987755982988,
  "fov": 45.0
}