{
  "target": [
    -37.907806396484375,
    -24.56727409362793,
    14.653092384338379
  ],
  "distance": 215.05474168237524,
  "azimuth": 3.4753981633974407,
  "elevation": 0.4185987755982987,
  "fov": 45.0
}