{
  "target": [
    9.473387718200684,
    -25.632286071777344,
    47.69220733642578
  ],
  "distance": 124.56111907958984,
  "azimuth": 47.179999999999964,
  "elevation": -0.32665696572504704,
  "fov": 45.0
}