{
  "target": [
    -35.76075744628906,
    -24.720638275146484,
    15.908584594726562
  ],
  "distance": 199.93944195812233,
  "azimuth": 3.4753981633974407,
  "elevation": 0.4185987755982987,
  "fov": 45.0
}