{
  "target": [
    -37.9654541015625,
    -24.178083419799805,
    15.437143325805664
  ],
  "distance": 219.42122404078683,
  "azimuth": 3.4753981633974407,
  "elevation": 0.4185987755982987,
  "fov": 45.0
}