{
  "target": [
    -36.54990768432617,
    -24.495275497436523,
    15.806018829345703
  ],
  "distance": 204.85598561283027,
  "azimuth": 3.4753981633974407,
  "elevation": 0.4185987755982987,
  "fov": 45.0
}